structure,number of res,number of chain,Missing res,Start&end- A,Start&end- B,Additional res,old/new
5r7y.pdb,"('A', 304, 'B', 0)",A,"([], [])","(1, 304)",,"([], [])",old
5r7z.pdb,"('A', 304, 'B', 0)",A,"([], [])","(1, 304)",,"([], [])",old
5r80.pdb,"('A', 304, 'B', 0)",A,"([], [])","(1, 304)",,"([], [])",old
5r81.pdb,"('A', 304, 'B', 0)",A,"([], [])","(1, 304)",,"([], [])",old
5r82.pdb,"('A', 304, 'B', 0)",A,"([], [])","(1, 304)",,"([], [])",old
5r83.pdb,"('A', 304, 'B', 0)",A,"([], [])","(1, 304)",,"([], [])",old
5r84.pdb,"('A', 304, 'B', 0)",A,"([], [])","(1, 304)",,"([], [])",old
5re4.pdb,"('A', 304, 'B', 0)",A,"([], [])","(1, 304)",,"([], [])",old
5re5.pdb,"('A', 304, 'B', 0)",A,"([], [])","(1, 304)",,"([], [])",old
5re6.pdb,"('A', 304, 'B', 0)",A,"([], [])","(1, 304)",,"([], [])",old
5re7.pdb,"('A', 304, 'B', 0)",A,"([], [])","(1, 304)",,"([], [])",old
5re8.pdb,"('A', 304, 'B', 0)",A,"([], [])","(1, 304)",,"([], [])",old
5re9.pdb,"('A', 304, 'B', 0)",A,"([], [])","(1, 304)",,"([], [])",old
5rea.pdb,"('A', 304, 'B', 0)",A,"([], [])","(1, 304)",,"([], [])",old
5reb.pdb,"('A', 304, 'B', 0)",A,"([], [])","(1, 304)",,"([], [])",old
5rec.pdb,"('A', 304, 'B', 0)",A,"([], [])","(1, 304)",,"([], [])",old
5red.pdb,"('A', 304, 'B', 0)",A,"([], [])","(1, 304)",,"([], [])",old
5ree.pdb,"('A', 304, 'B', 0)",A,"([], [])","(1, 304)",,"([], [])",old
5ref.pdb,"('A', 304, 'B', 0)",A,"([], [])","(1, 304)",,"([], [])",old
5reg.pdb,"('A', 304, 'B', 0)",A,"([], [])","(1, 304)",,"([], [])",old
5reh.pdb,"('A', 304, 'B', 0)",A,"([], [])","(1, 304)",,"([], [])",old
5rei.pdb,"('A', 304, 'B', 0)",A,"([], [])","(1, 304)",,"([], [])",old
5rej.pdb,"('A', 304, 'B', 0)",A,"([], [])","(1, 304)",,"([], [])",old
5rek.pdb,"('A', 304, 'B', 0)",A,"([], [])","(1, 304)",,"([], [])",old
5rel.pdb,"('A', 304, 'B', 0)",A,"([], [])","(1, 304)",,"([], [])",old
5rem.pdb,"('A', 304, 'B', 0)",A,"([], [])","(1, 304)",,"([], [])",old
5ren.pdb,"('A', 304, 'B', 0)",A,"([], [])","(1, 304)",,"([], [])",old
5reo.pdb,"('A', 304, 'B', 0)",A,"([], [])","(1, 304)",,"([], [])",old
5rep.pdb,"('A', 304, 'B', 0)",A,"([], [])","(1, 304)",,"([], [])",old
5rer.pdb,"('A', 304, 'B', 0)",A,"([], [])","(1, 304)",,"([], [])",old
5res.pdb,"('A', 304, 'B', 0)",A,"([], [])","(1, 304)",,"([], [])",old
5ret.pdb,"('A', 304, 'B', 0)",A,"([], [])","(1, 304)",,"([], [])",old
5reu.pdb,"('A', 304, 'B', 0)",A,"([], [])","(1, 304)",,"([], [])",old
5rev.pdb,"('A', 304, 'B', 0)",A,"([], [])","(1, 304)",,"([], [])",old
5rew.pdb,"('A', 304, 'B', 0)",A,"([], [])","(1, 304)",,"([], [])",old
5rex.pdb,"('A', 304, 'B', 0)",A,"([], [])","(1, 304)",,"([], [])",old
5rey.pdb,"('A', 304, 'B', 0)",A,"([], [])","(1, 304)",,"([], [])",old
5rez.pdb,"('A', 304, 'B', 0)",A,"([], [])","(1, 304)",,"([], [])",old
5rf0.pdb,"('A', 304, 'B', 0)",A,"([], [])","(1, 304)",,"([], [])",old
5rf1.pdb,"('A', 304, 'B', 0)",A,"([], [])","(1, 304)",,"([], [])",old
5rf2.pdb,"('A', 304, 'B', 0)",A,"([], [])","(1, 304)",,"([], [])",old
5rf3.pdb,"('A', 304, 'B', 0)",A,"([], [])","(1, 304)",,"([], [])",old
5rf4.pdb,"('A', 304, 'B', 0)",A,"([], [])","(1, 304)",,"([], [])",old
5rf5.pdb,"('A', 304, 'B', 0)",A,"([], [])","(1, 304)",,"([], [])",old
5rf6.pdb,"('A', 304, 'B', 0)",A,"([], [])","(1, 304)",,"([], [])",old
5rf7.pdb,"('A', 304, 'B', 0)",A,"([], [])","(1, 304)",,"([], [])",old
5rf8.pdb,"('A', 304, 'B', 0)",A,"([], [])","(1, 304)",,"([], [])",old
5rf9.pdb,"('A', 304, 'B', 0)",A,"([], [])","(1, 304)",,"([], [])",old
5rfa.pdb,"('A', 301, 'B', 0)",A,"([], [])","(1, 301)",,"([], [])",old
5rfb.pdb,"('A', 304, 'B', 0)",A,"([], [])","(1, 304)",,"([], [])",old
5rfc.pdb,"('A', 304, 'B', 0)",A,"([], [])","(1, 304)",,"([], [])",old
5rfd.pdb,"('A', 304, 'B', 0)",A,"([], [])","(1, 304)",,"([], [])",old
5rfe.pdb,"('A', 304, 'B', 0)",A,"([], [])","(1, 304)",,"([], [])",old
5rff.pdb,"('A', 304, 'B', 0)",A,"([], [])","(1, 304)",,"([], [])",old
5rfg.pdb,"('A', 304, 'B', 0)",A,"([], [])","(1, 304)",,"([], [])",old
5rfh.pdb,"('A', 304, 'B', 0)",A,"([], [])","(1, 304)",,"([], [])",old
5rfi.pdb,"('A', 304, 'B', 0)",A,"([], [])","(1, 304)",,"([], [])",old
5rfj.pdb,"('A', 304, 'B', 0)",A,"([], [])","(1, 304)",,"([], [])",old
5rfk.pdb,"('A', 304, 'B', 0)",A,"([], [])","(1, 304)",,"([], [])",old
5rfl.pdb,"('A', 304, 'B', 0)",A,"([], [])","(1, 304)",,"([], [])",old
5rfm.pdb,"('A', 304, 'B', 0)",A,"([], [])","(1, 304)",,"([], [])",old
5rfn.pdb,"('A', 304, 'B', 0)",A,"([], [])","(1, 304)",,"([], [])",old
5rfo.pdb,"('A', 304, 'B', 0)",A,"([], [])","(1, 304)",,"([], [])",old
5rfp.pdb,"('A', 304, 'B', 0)",A,"([], [])","(1, 304)",,"([], [])",old
5rfq.pdb,"('A', 304, 'B', 0)",A,"([], [])","(1, 304)",,"([], [])",old
5rfr.pdb,"('A', 304, 'B', 0)",A,"([], [])","(1, 304)",,"([], [])",old
5rfs.pdb,"('A', 304, 'B', 0)",A,"([], [])","(1, 304)",,"([], [])",old
5rft.pdb,"('A', 304, 'B', 0)",A,"([], [])","(1, 304)",,"([], [])",old
5rfu.pdb,"('A', 304, 'B', 0)",A,"([], [])","(1, 304)",,"([], [])",old
5rfv.pdb,"('A', 304, 'B', 0)",A,"([], [])","(1, 304)",,"([], [])",old
5rfw.pdb,"('A', 304, 'B', 0)",A,"([], [])","(1, 304)",,"([], [])",old
5rfx.pdb,"('A', 304, 'B', 0)",A,"([], [])","(1, 304)",,"([], [])",old
5rfy.pdb,"('A', 304, 'B', 0)",A,"([], [])","(1, 304)",,"([], [])",old
5rfz.pdb,"('A', 304, 'B', 0)",A,"([], [])","(1, 304)",,"([], [])",old
5rg0.pdb,"('A', 304, 'B', 0)",A,"([], [])","(1, 304)",,"([], [])",old
5rg1.pdb,"('A', 304, 'B', 0)",A,"([], [])","(1, 304)",,"([], [])",old
5rg2.pdb,"('A', 304, 'B', 0)",A,"([], [])","(1, 304)",,"([], [])",old
5rg3.pdb,"('A', 304, 'B', 0)",A,"([], [])","(1, 304)",,"([], [])",old
5rgg.pdb,"('A', 304, 'B', 0)",A,"([], [])","(1, 304)",,"([], [])",old
5rgh.pdb,"('A', 304, 'B', 0)",A,"([], [])","(1, 304)",,"([], [])",old
5rgi.pdb,"('A', 304, 'B', 0)",A,"([], [])","(1, 304)",,"([], [])",old
5rgj.pdb,"('A', 304, 'B', 0)",A,"([], [])","(1, 304)",,"([], [])",old
5rgk.pdb,"('A', 304, 'B', 0)",A,"([], [])","(1, 304)",,"([], [])",old
5rgl.pdb,"('A', 304, 'B', 0)",A,"([], [])","(1, 304)",,"([], [])",old
5rgm.pdb,"('A', 304, 'B', 0)",A,"([], [])","(1, 304)",,"([], [])",old
5rgn.pdb,"('A', 304, 'B', 0)",A,"([], [])","(1, 304)",,"([], [])",new
5rgo.pdb,"('A', 304, 'B', 0)",A,"([], [])","(1, 304)",,"([], [])",old
5rgp.pdb,"('A', 304, 'B', 0)",A,"([], [])","(1, 304)",,"([], [])",old
5rgq.pdb,"('A', 304, 'B', 0)",A,"([], [])","(1, 304)",,"([], [])",old
5rgr.pdb,"('A', 304, 'B', 0)",A,"([], [])","(1, 304)",,"([], [])",old
5rgs.pdb,"('A', 304, 'B', 0)",A,"([], [])","(1, 304)",,"([], [])",old
5rgt.pdb,"('A', 304, 'B', 0)",A,"([], [])","(1, 304)",,"([], [])",new
5rgu.pdb,"('A', 304, 'B', 0)",A,"([], [])","(1, 304)",,"([], [])",new
5rgv.pdb,"('A', 304, 'B', 0)",A,"([], [])","(1, 304)",,"([], [])",new
5rgw.pdb,"('A', 304, 'B', 0)",A,"([], [])","(1, 304)",,"([], [])",new
5rgx.pdb,"('A', 304, 'B', 0)",A,"([], [])","(1, 304)",,"([], [])",new
5rgy.pdb,"('A', 304, 'B', 0)",A,"([], [])","(1, 304)",,"([], [])",new
5rgz.pdb,"('A', 304, 'B', 0)",A,"([], [])","(1, 304)",,"([], [])",new
5rh0.pdb,"('A', 304, 'B', 0)",A,"([], [])","(1, 304)",,"([], [])",new
5rh1.pdb,"('A', 304, 'B', 0)",A,"([], [])","(1, 304)",,"([], [])",new
5rh2.pdb,"('A', 304, 'B', 0)",A,"([], [])","(1, 304)",,"([], [])",new
5rh3.pdb,"('A', 304, 'B', 0)",A,"([], [])","(1, 304)",,"([], [])",new
5rh4.pdb,"('A', 304, 'B', 0)",A,"([], [])","(1, 304)",,"([], [])",new
5rh5.pdb,"('A', 304, 'B', 0)",A,"([], [])","(1, 304)",,"([], [])",new
5rh6.pdb,"('A', 304, 'B', 0)",A,"([], [])","(1, 304)",,"([], [])",new
5rh7.pdb,"('A', 304, 'B', 0)",A,"([], [])","(1, 304)",,"([], [])",new
5rh8.pdb,"('A', 304, 'B', 0)",A,"([], [])","(1, 304)",,"([], [])",new
5rh9.pdb,"('A', 304, 'B', 0)",A,"([], [])","(1, 304)",,"([], [])",new
5rha.pdb,"('A', 304, 'B', 0)",A,"([], [])","(1, 304)",,"([], [])",new
5rhb.pdb,"('A', 304, 'B', 0)",A,"([], [])","(1, 304)",,"([], [])",new
5rhc.pdb,"('A', 304, 'B', 0)",A,"([], [])","(1, 304)",,"([], [])",new
5rhd.pdb,"('A', 304, 'B', 0)",A,"([], [])","(1, 304)",,"([], [])",new
5rl0.pdb,"('A', 304, 'B', 0)",A,"([], [])","(1, 304)",,"([], [])",new
5rl1.pdb,"('A', 304, 'B', 0)",A,"([], [])","(1, 304)",,"([], [])",new
5rl2.pdb,"('A', 304, 'B', 0)",A,"([], [])","(1, 304)",,"([], [])",new
5rl3.pdb,"('A', 304, 'B', 0)",A,"([], [])","(1, 304)",,"([], [])",new
5rl4.pdb,"('A', 304, 'B', 0)",A,"([], [])","(1, 304)",,"([], [])",new
5rl5.pdb,"('A', 304, 'B', 0)",A,"([], [])","(1, 304)",,"([], [])",new
6lu7.pdb,"('A', 306, 'B', 0)",A,"([], [])","(1, 306)",,"([], [])",old
6lze.pdb,"('A', 303, 'B', 0)",A,"([], [])","(1, 303)",,"([], [])",new
6m0k.pdb,"('A', 304, 'B', 0)",A,"([], [])","(1, 304)",,"([], [])",new
6m2n.pdb,"('A', 306, 'B', 306)","('A', 'B')","([], [])","(1, 306)","(1, 306)","([], [])",new
6w63.pdb,"('A', 305, 'B', 0)",A,"([], [])","(1, 305)",,"([], [])",old
6w79.pdb,"('A', 306, 'B', 0)",A,"([], [])","(1, 306)",,"([], [])",new
6wnp.pdb,"('A', 306, 'B', 0)",A,"([], [])","(1, 306)",,"([], [])",new
6wqf.pdb,"('A', 306, 'B', 0)",A,"([], [])","(1, 306)",,"([], [])",new
6wtj.pdb,"('A', 306, 'B', 0)",A,"([], [])","(1, 306)",,"([], [])",new
6wtk.pdb,"('A', 306, 'B', 0)",A,"([], [])","(1, 306)",,"([], [])",new
6xa4.pdb,"('A', 304, 'B', 2)",A,"([1], [1])","(2, 305)","(2, 3)","([], [])",new
6xb0.pdb,"('A', 305, 'B', 0)",A,"([145], [])","(1, 306)",,"([], [])",new
6xb1.pdb,"('A', 305, 'B', 0)",A,"([145], [])","(1, 306)",,"([], [])",new
6xb2.pdb,"('A', 306, 'B', 0)",A,"([], [])","(1, 306)",,"([], [])",new
6xbg.pdb,"('A', 300, 'B', 303)","('A', 'B')","([1], [1, 2])","(2, 301)","(3, 305)","([], [])",new
6xbh.pdb,"('A', 304, 'B', 0)",A,"([1], [])","(2, 305)",,"([], [])",new
6xbi.pdb,"('A', 307, 'B', 304)","('A', 'B')","([], [])","(0, 306)","(-1, 302)","([0], [-1, 0])",new
6xch.pdb,"('A', 306, 'B', 0)",A,"([], [])","(1, 306)",,"([], [])",new
6xfn.pdb,"('A', 304, 'B', 1)",A,"([1], [1])","(2, 305)","(2, 2)","([], [])",new
6xhm.pdb,"('A', 302, 'B', 301)","('A', 'B')","([], [])","(1, 302)","(1, 301)","([], [])",new
6xhu.pdb,"('A', 306, 'B', 0)",A,"([], [])","(1, 306)",,"([], [])",new
6xkf.pdb,"('A', 305, 'B', 305)","('A', 'B')","([145], [145])","(1, 306)","(1, 306)","([], [])",new
6xkh.pdb,"('A', 305, 'B', 0)",A,"([145], [])","(1, 306)",,"([], [])",new
6xmk.pdb,"('A', 298, 'B', 302)","('A', 'B')","([1, 2, 3], [])","(4, 301)","(1, 302)","([], [])",new
6xoa.pdb,"('A', 306, 'B', 306)","('A', 'B')","([], [])","(1, 306)","(1, 306)","([], [])",new
6xqs.pdb,"('A', 306, 'B', 0)",A,"([], [])","(1, 306)",,"([], [])",new
6xqt.pdb,"('A', 306, 'B', 306)","('A', 'B')","([], [])","(1, 306)","(1, 306)","([], [])",new
6xqu.pdb,"('A', 306, 'B', 0)",A,"([], [])","(1, 306)",,"([], [])",new
6y2e.pdb,"('A', 306, 'B', 0)",A,"([], [])","(1, 306)",,"([], [])",new
6y2f.pdb,"('A', 303, 'B', 0)",A,"([47, 48], [])","(1, 305)",,"([], [])",old
6y2g.pdb,"('A', 301, 'B', 303)","('A', 'B')","([], [])","(1, 301)","(1, 303)","([], [])",old
6yz6.pdb,"('A', 304, 'B', 0)",A,"([], [])","(1, 304)",,"([], [])",new
6zrt.pdb,"('A', 304, 'B', 0)",A,"([], [])","(1, 304)",,"([], [])",new
6zru.pdb,"('A', 304, 'B', 0)",A,"([], [])","(1, 304)",,"([], [])",new
7a1u.pdb,"('A', 305, 'B', 0)",A,"([], [])","(1, 305)",,"([], [])",new
7adw.pdb,"('A', 305, 'B', 0)",A,"([], [])","(1, 305)",,"([], [])",new
7af0.pdb,"('A', 306, 'B', 0)",A,"([], [])","(1, 306)",,"([], [])",new
7aga.pdb,"('A', 305, 'B', 0)",A,"([], [])","(1, 305)",,"([], [])",new
7aha.pdb,"('A', 305, 'B', 0)",A,"([], [])","(1, 305)",,"([], [])",new
7alh.pdb,"('A', 305, 'B', 0)",A,"([], [])","(1, 305)",,"([], [])",new
7ali.pdb,"('A', 306, 'B', 305)","('A', 'B')","([], [])","(1, 306)","(1, 305)","([], [])",new
7amj.pdb,"('A', 305, 'B', 0)",A,"([], [])","(1, 305)",,"([], [])",new
7ans.pdb,"('A', 306, 'B', 0)",A,"([], [])","(1, 306)",,"([], [])",new
7aol.pdb,"('A', 306, 'B', 0)",A,"([], [])","(1, 306)",,"([], [])",new
7aqi.pdb,"('A', 306, 'B', 0)",A,"([], [])","(1, 306)",,"([], [])",new
7aqj.pdb,"('A', 305, 'B', 0)",A,"([], [])","(1, 305)",,"([], [])",new
7arf.pdb,"('A', 301, 'B', 0)",A,"([145], [])","(1, 302)",,"([], [])",new
7avd.pdb,"('A', 306, 'B', 306)","('A', 'B')","([], [])","(1, 306)","(1, 306)","([], [])",new
7awr.pdb,"('A', 306, 'B', 0)",A,"([], [])","(1, 306)",,"([], [])",new
7aws.pdb,"('A', 305, 'B', 0)",A,"([], [])","(1, 305)",,"([], [])",new
7awu.pdb,"('A', 305, 'B', 0)",A,"([145], [])","(1, 306)",,"([], [])",new
7aww.pdb,"('A', 306, 'B', 0)",A,"([], [])","(1, 306)",,"([], [])",new
7ax6.pdb,"('A', 306, 'B', 0)",A,"([], [])","(1, 306)",,"([], [])",new
7axm.pdb,"('A', 306, 'B', 0)",A,"([], [])","(1, 306)",,"([], [])",new
7axo.pdb,"('A', 306, 'B', 0)",A,"([], [])","(1, 306)",,"([], [])",new
7ay7.pdb,"('A', 306, 'B', 0)",A,"([], [])","(1, 306)",,"([], [])",new
7bqy.pdb,"('A', 301, 'B', 0)",A,"([], [])","(1, 301)",,"([], [])",old
7bro.pdb,"('A', 300, 'B', 0)",A,"([1], [])","(2, 301)",,"([], [])",new
7brp.pdb,"('A', 301, 'B', 301)","('A', 'B')","([], [])","(1, 301)","(1, 301)","([], [])",new
7buy.pdb,"('A', 306, 'B', 0)",A,"([], [])","(1, 306)",,"([], [])",new
7c6s.pdb,"('A', 301, 'B', 0)",A,"([], [])","(1, 301)",,"([], [])",new
7c6u.pdb,"('A', 301, 'B', 0)",A,"([], [])","(1, 301)",,"([], [])",new
7c7p.pdb,"('A', 301, 'B', 300)","('A', 'B')","([], [46, 47, 48, 49, 50, 51])","(1, 301)","(1, 306)","([], [])",new
7c8r.pdb,"('A', 306, 'B', 0)",A,"([], [])","(1, 306)",,"([], [])",new
7c8t.pdb,"('A', 306, 'B', 0)",A,"([], [])","(1, 306)",,"([], [])",new
7c8u.pdb,"('A', 300, 'B', 0)",A,"([1, 2], [])","(3, 302)",,"([], [])",new
7cbt.pdb,"('A', 298, 'B', 298)","('A', 'B')","([1, 2, 3], [1, 2, 3])","(4, 301)","(4, 301)","([], [])",new
7com.pdb,"('A', 301, 'B', 298)","('A', 'B')","([], [45, 46, 47, 48, 49, 50, 51])","(1, 301)","(1, 305)","([], [])",new
7cwc.pdb,"('A', 300, 'B', 299)","('A', 'B')","([], [1, 2])","(1, 300)","(3, 301)","([], [])",new
7cx9.pdb,"('A', 295, 'B', 0)",A,"([45, 46, 47, 48, 49, 50], [])","(1, 301)",,"([], [])",new
7d1m.pdb,"('A', 305, 'B', 304)","('A', 'B')","([1], [1, 2])","(2, 306)","(3, 306)","([], [])",new
7d1o.pdb,"('A', 301, 'B', 0)",A,"([], [])","(1, 301)",,"([], [])",new
7d3i.pdb,"('A', 305, 'B', 0)",A,"([], [])","(1, 305)",,"([], [])",new
7jfq.pdb,"('A', 305, 'B', 0)",A,"([], [])","(1, 305)",,"([], [])",new
7jkv.pdb,"('A', 301, 'B', 302)","('A', 'B')","([], [])","(1, 301)","(0, 301)","([], [0])",new
7joy.pdb,"('A', 306, 'B', 306)","('A', 'B')","([], [])","(1, 306)","(1, 306)","([], [])",new
7jp1.pdb,"('A', 306, 'B', 0)",A,"([], [])","(1, 306)",,"([], [])",new
7ju7.pdb,"('A', 304, 'B', 0)",A,"([], [])","(1, 304)",,"([], [])",new
7jun.pdb,"('A', 306, 'B', 0)",A,"([], [])","(1, 306)",,"([], [])",new
7jyc.pdb,"('A', 306, 'B', 0)",A,"([], [])","(1, 306)",,"([], [])",new
7k3t.pdb,"('A', 306, 'B', 0)",A,"([], [])","(1, 306)",,"([], [])",new
7k40.pdb,"('A', 306, 'B', 0)",A,"([], [])","(1, 306)",,"([], [])",new
7k6d.pdb,"('A', 305, 'B', 0)",A,"([], [])","(1, 305)",,"([], [])",new
7k6e.pdb,"('A', 305, 'B', 0)",A,"([], [])","(1, 305)",,"([], [])",new
7kfi.pdb,"('A', 304, 'B', 301)","('A', 'B')","([], [])","(-2, 301)","(1, 301)","([-2, -1, 0], [])",new
7kfj.pdb,"('A', 304, 'B', 301)","('A', 'B')","([], [])","(-2, 301)","(1, 301)","([-2, -1, 0], [])",new
7ks5.pdb,"('A', 304, 'B', 300)","('A', 'B')","([], [1])","(-2, 301)","(2, 301)","([-2, -1, 0], [])",new
7kvl.pdb,"('A', 304, 'B', 300)","('A', 'B')","([], [])","(-2, 301)","(1, 300)","([-2, -1, 0], [])",new
7kvr.pdb,"('A', 301, 'B', 299)","('A', 'B')","([], [1])","(1, 301)","(2, 300)","([], [])",new
7kw5.pdb,"('A', 304, 'B', 299)","('A', 'B')","([], [1])","(-2, 301)","(2, 300)","([-2, -1, 0], [])",new
7kx5.pdb,"('A', 303, 'B', 0)",A,"([], [])","(1, 303)",,"([], [])",new
7kyu.pdb,"('A', 302, 'B', 0)",A,"([47, 48], [])","(1, 304)",,"([], [])",new
